timestamp,text,hashtags
1576419300,\u2705 #THFC have won three of their first four #PL matches under Jose Mourinho\u2716\ufe0f Although they're amid a run of 10 losses in 14 PL away games\ud83d\udc3a #WWFC are unbeaten in 11 PL outings\u27a1\ufe0f A draw is available at 13/5 for #WOLTOT today https://t.co/ENBDooxITh,#WWFC
1576419409,Frustrating this is. Spurs have had only one sniff at goal and scored a great one. We\u2019ve controlled the game outside of that in these first 15... guess that\u2019s why having world class players is massive. Fair play to them.#WWFC #THFC,#WWFC
1576419414,Live Streaming HD. Link Wolves Stream https://t.co/8lR22exy9vhttps://t.co/4wp7p5zShVEnjoy \ud83d\ude09 #Wolves #WWFC https://t.co/bvq70VFQtM,#WWFC
1576420033,#DeliAli Cheating fuckwit #WWFC #WOLTOT,#WWFC
1576420163,60% possession and a couple half chances for Jimenez.We continue to probe the Spurs defence\ud83d\udcaa #WWFC #WOLTOT https://t.co/DRa0zd7med,#WWFC
1576420232,"LAST 18\"" MIN FHFREE LIVE STREAM #PLWolves vs Tottenham HotspurLive&gt;&gt; https://t.co/MNIbUxQySA#WWFC #THFC #WOLTOT++FREE LIVE STREAM #PLManchester United vs EvertonLive&gt;&gt; https://t.co/laOvn8WjS6#MUFC #EFC #MUNEVE https://t.co/Tojuj9OlMS",#WWFC
1576420310,We need to get a goal while we have the crowd singing loud and high tempo on the pitch. Can see us having 100 chances and then spurs scoring again. Hope hope hope I\u2019m wrong #WWFC,#WWFC
1576420634,Tottenham get one chance like weve had and they score. Come on boys!!! #WWFC,#WWFC
1576420849,Check out \ud83d\udd25 Wolverhampton Wanderers 1996/98 Home Football Shirt Jersey (L) Wolves \ud83d\udd25 https://t.co/rqPDLIcJA4 @eBay #Wolves #WWFC,#WWFC
1576421085,Nightmare for everyone in the Gene Kelly today #WWFC https://t.co/iz6QY5JAbl,#WWFC
1576421215,45\u2019 - [#WWFC 0\ufe0f\u20e3-1\ufe0f\u20e3 #THFC]Mi-temps. #COYS,#WWFC
1576421277,"HT 0-1:- Dominated play for the majority of the game- Had more chances but Spurs have been more potent- Can't let our heads drop, need to keep a high spirit and fight back into this game- Try and isolate Vertonghen up against Adama#WWFC #WOLTOT",#WWFC
1576421289,What a half of football from Wolves. Probably the best I\u2019ve seen us yet we\u2019re somehow 1-0 down. \ud83e\udd2f #WWFC,#WWFC
1576421384,That first half from Wolves was unbelievable - goal is coming 100% \ud83d\udc3a #WWFC,#WWFC
1576421408,Half time in the other 2pm kick off in the @premierleague:Tottenham lead Wolves 1-0 thanks to Lucas Moura's 8th minute goal #WWFC #THFC #WOLTOT https://t.co/sEpH916aiO,#WWFC
1576421431,Typical #WWFCAbsolutely dominating... Opponent gets 1 chance and scores. Traore quality again.. Frustrating half \ud83d\ude29,#WWFC
1576421455,"Brilliant game, helped by the fact Mourinho doesn\u2019t see fit to stop us on the flanks, but Spurs defending the box well. More annoyed at Moura beating three men than Rui at his near post. What a 45 minutes by Joao Moutinho though. Absolute genius #WWFC #WOLTOT \ud83d\udc3a",#WWFC
1576421476,Can someone ask Aurier if he\u2019s managed to stay warm in Jota\u2019s pocket? #WWFC #WOLTOT,#WWFC
1576421536,\ud83d\ude80 @rubendsneves_ scoring a Puskas worthy goal for @Wolves. \ud83d\udc3a (2018) #WWFC https://t.co/IxNQyeixRT,#WWFC
1576421787,"HT #PremierLeague #WWFC (0.48 xG)#THFC 1 (0.68 xG)A game of few good chances up to now, with Tottenham leading thanks to Lucas Moura\u2019s goal (6%) #WOLTOT https://t.co/K2FToIC6Mk",#WWFC
1576421938,"Despite the scoreline, that's probably one of the best halves of football we've produced all season. Hopefully back it up second half #WWFC",#WWFC
1576422001,"\ud83d\udde3\ufe0f \""A lot of fans are wondering why he hasn't signed on already!\""Former #WWFC winger Shane Tudor (@tudes7) has urged the club to tie Nuno down to a new 'four or five-year' deal before a bigger team prizes him away... #WOLTOT\ud83d\udcfb Tune in - DAB\ud83d\udcf2 Listen - https://t.co/XWhRQgRLH7 https://t.co/7iXCc2kWSt",#WWFC
1576422026,Premier League latest: Manchester United v Everton &amp; Wolves v Tottenham followed by Arsenal v Manchester City #WWFC #Wolves https://t.co/0qK5QZVN9k,#WWFC
1576422080,Half-Time: Wolves 0-1 Tottenham#WWFC 6/1#Draw 57/20#THFC 53/100Bet #InPlay &gt; https://t.co/WbsigY5JJv,#WWFC
1576422109,#WWFC #wolves Peter Knowles BookFree UK Delivery from #Amazon\u00a314.99Grab it here \ud83d\udc47https://t.co/vS96a5wUeu https://t.co/e1u7NCJTZc,#WWFC
1576422139,"46\u2019 - [#WWFC 0\ufe0f\u20e3-1\ufe0f\u20e3 #THFC]C\u2019est reparti, #COYS !",#WWFC
1576422475,FREE LIVE STREAM #PL 2HWolves vs Tottenham Live&gt;&gt; https://t.co/mhHkFSHfri#WWFC #THFC #WOLTOT++Manchester United vs EvertonLive&gt;&gt; https://t.co/P9eQdi4qWC#MUFC #EFC #MUNEVE++FREE LIVE STREAM #SPFLCeltic vs Hibernian&gt;&gt; https://t.co/NZaqEs7b8V#CELHIB #CelticFC https://t.co/JOsV38QHIm,#WWFC
1576422813,FREE LIVE STREAM #SPFLCeltic vs Hibernian&gt;&gt; https://t.co/cbT8epCt6L#CELHIB #CelticFC++FREE LIVE STREAM #PLWolves vs Tottenham Live&gt;&gt; https://t.co/KU6lliniF1#WWFC #THFC #WOLTOT++Manchester United vs EvertonLive&gt;&gt; https://t.co/JiVcsprXQJ#MUFC #EFC #MUNEVE https://t.co/08x5tp9MoV,#WWFC
1576422814,FREE LIVE STREAM #PLWolves vs Tottenham Live&gt;&gt; https://t.co/0F51n3aJ6Q#WWFC #THFC #WOLTOT++Manchester United vs EvertonLive&gt;&gt; https://t.co/ykr588QRx3#MUFC #EFC #MUNEVE++FREE LIVE STREAM #SPFLCeltic vs Hibernian&gt;&gt; https://t.co/mdIHt8X59N#CELHIB #CelticFC https://t.co/MCF9e7tE5D,#WWFC
1576423010,"\ud83d\udd25 Longest Current Unbeaten Streaks (EFL):12 - WEST BROM &amp; WYCOMBE \u2b5011 - Leeds7 - Millwall, Blackpool, Swindon &amp; Scunthorpe\ud83c\udfc6 Unbeaten in 12 games, West Brom and Wycombe both top their League tables#WBA #WWFC #Chairboys #LUFC #Millwall #UTMP #STFC #UTI https://t.co/bAwLQtHGLc",#WWFC
1576423023,Landed in sunny Barcelona to see we're losing \ud83d\ude2d channeling all my good energy into a second half comeback #WWFC,#WWFC
1576423413,HOLY SHIT ADAMA #WWFC,#WWFC
1576423468,ADAMA TRAORE YOU BEAUTIFUL HUMAN BEING!!!!!!! #WWFC #COYW,#WWFC
1576423478,ADAMAAAA WITH THE EQUALISER!!! Great strike from the edge of the box! #WWFC #WOLTOT,#WWFC
1576423540,AdAMa TrAOrE hAs No eNd pROdUct#WWFC https://t.co/MzKKW1SCe1,#WWFC
1576423546,Adama what you doing to me \ud83d\ude29\ud83d\ude29\ud83d\ude29\ud83d\ude29\u2b1b\ud83d\udd36\u2b1b\ud83d\udd36\u2b1b\ud83d\udd36 #WWFC,#WWFC
1576423589,TRAORREEEEEEEEE #WWFC#WOLTOT,#WWFC
1576423637,"@Wolves What a beautiful strike! Well done, Adama Traore #WWFC #COYW #MyPLMornings",#WWFC
1576423816,"Wolves welcome Tottenham Hotspur to The Molineux this afternoon. NXWM Wolverhampton 2,3,4,62 &amp;62a will be delayed for around 30 minutes after the final whistle due to increased traffic for fans making their way home from the stadium. #wmbus #WWFC #thfc #make_Jose_miserable https://t.co/Q10OqYehrc",#WWFC
1576423902,\u26bd\ufe0fScores twice in a 2-0 win over Man City\u26bd\ufe0fEqualises v TottenhamAdama Traore doesn't score often but when he does he makes it count \ud83d\udc3a#WWFC #WOWTOT #PL https://t.co/NQ0UbmmJlp,#WWFC
1576423944,Scores a worldie.Looked like it hit Jimenez on the arm.Didn\u2019t celebrate.Fuck VAR.#WWFC,#WWFC
1576424155,"LAST 15\"" MIN FREE LIVE STREAM #PLWolves vs Tottenham &gt;&gt; https://t.co/TfQoSPwfQH#WWFC #THFC #WOLTOT++Manchester United vs Everton&gt;&gt; https://t.co/HYNerapbNG#MUFC #EFC #MUNEVE++ LIVE STREAM #SPFLCeltic vs Hibernian&gt;&gt; https://t.co/DNNL5n4DYS#CELHIB #CelticFC https://t.co/Iq2Gt1TsaI",#WWFC
1576424180,When are we going to talk about the protection of Adama Traore? These fouls are every game and it\u2019s not even subtle. #WWFC,#WWFC
1576424368,Last 10 + Injury time\u23f1\ufe0fCutrone &amp; Pedro Neto on?\ud83d\udc3a#WWFC #WOLTOT https://t.co/ICtUvUMTgF,#WWFC
1576424377,Spurs are just taking turns hacking Adama down #WWFC,#WWFC
1576424411,The only thing this game is missing is a Neves screamer #WWFC,#WWFC
1576424634,"LAST 8\"" MINFREE LIVE STREAM #PLWolves vs Tottenham Hotspur 1-1Live&gt;&gt; https://t.co/kuKj1mS2WI#WWFC #THFC #WOLTOT++FREE LIVE STREAM #PLManchester United vs Everton 1-1Live&gt;&gt; https://t.co/qyvy2KDfrq#MUFC #EFC #MUNEVE https://t.co/xVfbC0FmHq",#WWFC
1576424783,88\u2019 - [#WWFC 1\ufe0f\u20e3-1\ufe0f\u20e3 #THFC]Lucas \ud83d\udd04 Eriksen. #COYS,#WWFC
1576424883,90+1\u2019 - [#WWFC 1\ufe0f\u20e3-2\ufe0f\u20e3 #THFC]GOOOOOOOOOOOOOOOAAAAAAAAAAAAAAAAAAAAAAAAAAALLLLLLLLLLLLLLLLLLLLLLL JAAAAAAAAAAAAAAAAAAAAAAAAAAAAAAAAAAAAAN #COYS,#WWFC
1576424956,90+2\u2019 - [#WWFC 1\ufe0f\u20e3-2\ufe0f\u20e3 #THFC]Dele \ud83d\udd04 Winks.Son \ud83d\udd04 Foyth.#COYS,#WWFC
1576424982,The #WWFC sure have been a fun club to watch since they were promoted to the #PremierLeague last season. #WOLTOT,#WWFC
1576425029,"Spurs win it at the death.Vertonghen finds himself in bags of room and heads home the free header, Poor defending from the set-piece.#WWFC #WOLTOT https://t.co/U6hj3vrcHW",#WWFC
1576425172,Disappointing result that. Dominated the game. And deserved something. But it\u2019s one of them #WWFC,#WWFC
1576425217,"Sounds like a really good performance but probably highlights where we\u2019re at at the moment, need a centre back in January and Boly back and we won\u2019t be far off. #WWFC",#WWFC
1576425241,90+5\u2019 - [#WWFC 1\ufe0f\u20e3-2\ufe0f\u20e3 #THFC]C\u2019est fini !!! #COYS,#WWFC
1576425285,Nothing frustrates me in this world more than Wolves defence \ud83e\udd2c #WWFC,#WWFC
1576425300,"I feel sick, footballing injustice. Well played Wolves! #WWFC",#WWFC
1576425301,I feel sick. How have we come away with nothing? Gutted #WWFC,#WWFC
1576425328,"Should have taken our chances tbh, onto Norwich #WWFC",#WWFC
1576425389,Full time in the other 2pm kick off in the @premierleagueTottenham beat Wolves 2-1 thanks to Jan Vertonghen's winning goal in second-half injury time #WWFC #THFC #WOLTOT https://t.co/YQI9Nbvkkf,#WWFC
1576425427,I fear no one in tomorrow\u2019s Europa League draw. Out played Spurs and City this season. There\u2019s no stronger than those. #WWFC,#WWFC
1576425445,"When you're happy with a point but you get all three instead, courtesy of #Vertonghen. \ud83d\ude01\ud83d\udc9c #WWFC #THFC #COYS #PremierLeague",#WWFC
1576425487,"FT 1-2:- 100% deserved more from that game, thought we were the better side undoubtedly- Traore on fire once again, drawing 3 yellow cards from Spurs- Not any points gained, but another top 6 team that we matched toe to toe- Onto Norwich away!#WWFC #WOLTOT",#WWFC
1576425548,"Honestly embarrassing that is.Adama\u2019s shoulder is out and instead of knocking it out, we fuck about with it and end up giving them the free kick that leads to the goal?Spurs didn\u2019t deserve a point; let alone fucking three.Shit.#WWFC",#WWFC
1576425625,I don't know what to say \ud83d\ude26 #WWFC,#WWFC
1576425674,Absolutely gutted about that defeat \ud83d\ude29Traore &amp; #WWFC battering Spurs for 90 minutes... Spurs have 2 shots and score both and suddenly it\u2019s a \u201cMourinho masterclass\u201d \ud83d\ude44\ud83e\udd26\ud83c\udffb\u200d\u2642\ufe0fUnbeaten run over but still only our 3rd league defeat of the season.. Must bounce back and smash Norwich!,#WWFC
1576425705,Gutted #WWFC #wolvesaywe,#WWFC
1576425725,What a weekend!!!!We beat the scum that is #BCFC Villa lose and going down #AVFCWolves (dingles) the new Real Madrid also lose . 91st  minute !!!! \ud83e\udd23\ud83d\ude02\ud83d\ude01  #WWFC#wba IF Carlsberg ....https://t.co/j4pYCpOiwI,#WWFC
1576425795,+++TOP 20 BESTSELLERS OF 2019+++\u2022Number 6 - MolineuxGet 20% off all Wolves prints and mugs for the next 24 hours with the Coupon Code WOLVES20.https://t.co/75HZpneWPm#WWFC https://t.co/PGuf71KEwz,#WWFC
1576425858,"FT #PremierLeague #WWFC 1 (0.88 xG)#THFC 1 (0.91 xG)Wolves unfortunate to lose this one, with Vertonghen\u2019s late winner (5%) proving decisive #WOLTOT https://t.co/LYnYTAEzu8",#WWFC
1576425889,"When you're happy with a point but you get all three instead, thanks to \""Super Jan\"" #Vertonghen. \ud83d\ude01\ud83d\udc9c #WWFC #THFC #COYS #PremierLeague",#WWFC
1576425901,Most one sided game I have seen all season. Wolves dominant. Spurs couldn\u2019t cope. Outclassed a Top 4 team. How have we lost! So proud.  Nuno had a dream. #WWFC #THFC,#WWFC
1576426117,Suppose it shows how far we've come that the Champions League finalist have had to come here and absolutely shithouse a win. How we've come away from that with nothing I'll never know. #WWFC,#WWFC
1576426143,Says a lot about how far we\u2019ve come when we\u2019re disappointed to end an 11 match unbeaten run with a (possibly undeserved) loss at home to Spurs. #WWFC #Wolves,#WWFC
1576426313,"So the unbeaten league run is over. A good performance overall, but it certainly was gutting to lose at the end.\ud83d\udc3a #WWFC #WOLTOT",#WWFC
