{
	"api": {
		"results": 1,
		"fixtures": [
			{
				"fixture_id": 157126,
				"league_id": 524,
				"league": {
					"name": "Premier League",
					"country": "England",
					"logo": "https://media.api-football.com/leagues/2.png",
					"flag": "https://media.api-football.com/flags/gb.svg"
				},
				"event_date": "2019-11-09T12:30:00+00:00",
				"event_timestamp": 1573302600,
				"firstHalfStart": 1573302600,
				"secondHalfStart": 1573306200,
				"round": "Regular Season - 12",
				"status": "Match Finished",
				"statusShort": "FT",
				"elapsed": 90,
				"venue": "Stamford Bridge",
				"referee": "Mike Dean, England",
				"homeTeam": {
					"team_id": 49,
					"team_name": "Chelsea",
					"logo": "https://media.api-football.com/teams/49.png"
				},
				"awayTeam": {
					"team_id": 52,
					"team_name": "Crystal Palace",
					"logo": "https://media.api-football.com/teams/52.png"
				},
				"goalsHomeTeam": 2,
				"goalsAwayTeam": 0,
				"score": {
					"halftime": "0-0",
					"fulltime": "2-0",
					"extratime": null,
					"penalty": null
				},
				"events": [
					{
						"elapsed": 17,
						"team_id": 49,
						"teamName": "Chelsea",
						"player_id": 2294,
						"player": "Willian",
						"assist_id": null,
						"assist": null,
						"type": "Card",
						"detail": "Yellow Card"
					},
					{
						"elapsed": 21,
						"team_id": 52,
						"teamName": "Crystal Palace",
						"player_id": 3247,
						"player": "W. Zaha",
						"assist_id": null,
						"assist": null,
						"type": "Card",
						"detail": "Yellow Card"
					},
					{
						"elapsed": 31,
						"team_id": 49,
						"teamName": "Chelsea",
						"player_id": null,
						"player": "Emerson",
						"assist_id": null,
						"assist": null,
						"type": "Card",
						"detail": "Yellow Card"
					},
					{
						"elapsed": 33,
						"team_id": 49,
						"teamName": "Chelsea",
						"player_id": null,
						"player": "M. Kovacic",
						"assist_id": null,
						"assist": null,
						"type": "Card",
						"detail": "Yellow Card"
					},
					{
						"elapsed": 52,
						"team_id": 49,
						"teamName": "Chelsea",
						"player_id": null,
						"player": "T. Abraham",
						"assist_id": 2294,
						"assist": "Willian",
						"type": "Goal",
						"detail": "Normal Goal"
					},
					{
						"elapsed": 79,
						"team_id": 49,
						"teamName": "Chelsea",
						"player_id": null,
						"player": "C. Pulisic",
						"assist_id": null,
						"assist": null,
						"type": "Goal",
						"detail": "Normal Goal"
					},
					{
						"elapsed": 90,
						"team_id": 52,
						"teamName": "Crystal Palace",
						"player_id": null,
						"player": "J. McCarthy",
						"assist_id": null,
						"assist": null,
						"type": "Card",
						"detail": "Yellow Card"
					}
				],
				"lineups": {
					"Chelsea": {
						"formation": "4-2-3-1",
						"startXI": [
							{
								"team_id": 49,
								"player_id": 2273,
								"player": "Kepa Arrizabalaga",
								"number": 1,
								"pos": "G"
							},
							{
								"team_id": 49,
								"player_id": 19545,
								"player": "Reece James",
								"number": 24,
								"pos": "D"
							},
							{
								"team_id": 49,
								"player_id": 2726,
								"player": "Kurt Zouma",
								"number": 15,
								"pos": "D"
							},
							{
								"team_id": 49,
								"player_id": 19209,
								"player": "Fikayo Tomori",
								"number": 29,
								"pos": "D"
							},
							{
								"team_id": 49,
								"player_id": 2284,
								"player": "Emerson Palmieri",
								"number": 33,
								"pos": "D"
							},
							{
								"team_id": 49,
								"player_id": 2290,
								"player": "N'Golo Kanté",
								"number": 7,
								"pos": "M"
							},
							{
								"team_id": 49,
								"player_id": 2291,
								"player": "Mateo Kovačić",
								"number": 17,
								"pos": "M"
							},
							{
								"team_id": 49,
								"player_id": 2294,
								"player": "Willian",
								"number": 10,
								"pos": "M"
							},
							{
								"team_id": 49,
								"player_id": 19220,
								"player": "Mason Mount",
								"number": 19,
								"pos": "M"
							},
							{
								"team_id": 49,
								"player_id": 17,
								"player": "Christian Pulišić",
								"number": 22,
								"pos": "M"
							},
							{
								"team_id": 49,
								"player_id": 19194,
								"player": "Tammy Abraham",
								"number": 9,
								"pos": "F"
							}
						],
						"substitutes": [
							{
								"team_id": 49,
								"player_id": 2275,
								"player": "Willy Caballero",
								"number": 13,
								"pos": "G"
							},
							{
								"team_id": 49,
								"player_id": 2280,
								"player": "César Azpilicueta",
								"number": 28,
								"pos": "D"
							},
							{
								"team_id": 49,
								"player_id": 2282,
								"player": "Andreas Christensen",
								"number": 4,
								"pos": "D"
							},
							{
								"team_id": 49,
								"player_id": 130423,
								"player": "Billy Gilmour",
								"number": 47,
								"pos": "M"
							},
							{
								"team_id": 49,
								"player_id": 2295,
								"player": "Olivier Giroud",
								"number": 18,
								"pos": "F"
							},
							{
								"team_id": 49,
								"player_id": 2298,
								"player": "Callum Hudson-Odoi",
								"number": 20,
								"pos": "F"
							},
							{
								"team_id": 49,
								"player_id": 2927,
								"player": "Michy Batshuayi",
								"number": 23,
								"pos": "F"
							}
						],
						"coach": "F. Lampard"
					},
					"Crystal Palace": {
						"formation": "4-5-1",
						"startXI": [
							{
								"team_id": 52,
								"player_id": 18835,
								"player": "Vicente Guaita",
								"number": 31,
								"pos": "G"
							},
							{
								"team_id": 52,
								"player_id": 18847,
								"player": "Joel Ward",
								"number": 2,
								"pos": "D"
							},
							{
								"team_id": 52,
								"player_id": 18844,
								"player": "James Tomkins",
								"number": 5,
								"pos": "D"
							},
							{
								"team_id": 52,
								"player_id": 2281,
								"player": "Gary Cahill",
								"number": 24,
								"pos": "D"
							},
							{
								"team_id": 52,
								"player_id": 18845,
								"player": "Patrick van Aanholt",
								"number": 3,
								"pos": "D"
							},
							{
								"team_id": 52,
								"player_id": 18854,
								"player": "Andros Townsend",
								"number": 10,
								"pos": "M"
							},
							{
								"team_id": 52,
								"player_id": 2991,
								"player": "Cheikhou Kouyaté",
								"number": 8,
								"pos": "M"
							},
							{
								"team_id": 52,
								"player_id": 18852,
								"player": "Luka Milivojević",
								"number": 4,
								"pos": "M"
							},
							{
								"team_id": 52,
								"player_id": 18849,
								"player": "James McArthur",
								"number": 18,
								"pos": "M"
							},
							{
								"team_id": 52,
								"player_id": 3247,
								"player": "Wilfried Zaha",
								"number": 11,
								"pos": "M"
							},
							{
								"team_id": 52,
								"player_id": 3428,
								"player": "Jordan Ayew",
								"number": 9,
								"pos": "F"
							}
						],
						"substitutes": [
							{
								"team_id": 52,
								"player_id": 18836,
								"player": "Wayne Hennessey",
								"number": 13,
								"pos": "G"
							},
							{
								"team_id": 52,
								"player_id": 18843,
								"player": "Jeffrey Schlupp",
								"number": 15,
								"pos": "D"
							},
							{
								"team_id": 52,
								"player_id": 18839,
								"player": "Scott Dann",
								"number": 6,
								"pos": "D"
							},
							{
								"team_id": 52,
								"player_id": 18840,
								"player": "Martin Kelly",
								"number": 34,
								"pos": "D"
							},
							{
								"team_id": 52,
								"player_id": 18853,
								"player": "Jaïro Riedewald",
								"number": 44,
								"pos": "M"
							},
							{
								"team_id": 52,
								"player_id": 18763,
								"player": "James McCarthy",
								"number": 22,
								"pos": "M"
							},
							{
								"team_id": 52,
								"player_id": 2928,
								"player": "Christian Benteke",
								"number": 17,
								"pos": "F"
							}
						],
						"coach": "R. Hodgson"
					}
				},
				"statistics": {
					"Shots on Goal": {
						"home": "5",
						"away": "1"
					},
					"Shots off Goal": {
						"home": "10",
						"away": "1"
					},
					"Total Shots": {
						"home": "23",
						"away": "3"
					},
					"Blocked Shots": {
						"home": "8",
						"away": "1"
					},
					"Shots insidebox": {
						"home": "11",
						"away": "1"
					},
					"Shots outsidebox": {
						"home": "12",
						"away": "2"
					},
					"Fouls": {
						"home": "9",
						"away": "17"
					},
					"Corner Kicks": {
						"home": "7",
						"away": "0"
					},
					"Offsides": {
						"home": null,
						"away": null
					},
					"Ball Possession": {
						"home": "60%",
						"away": "40%"
					},
					"Yellow Cards": {
						"home": "3",
						"away": "2"
					},
					"Red Cards": {
						"home": null,
						"away": null
					},
					"Goalkeeper Saves": {
						"home": "1",
						"away": "3"
					},
					"Total passes": {
						"home": "570",
						"away": "380"
					},
					"Passes accurate": {
						"home": "497",
						"away": "293"
					},
					"Passes %": {
						"home": null,
						"away": null
					}
				},
				"players": [
					{
						"event_id": 157126,
						"updateAt": 1573316402,
						"player_id": 2273,
						"player_name": "Kepa Arrizabalaga",
						"team_id": 49,
						"team_name": "Chelsea",
						"number": 1,
						"position": "G",
						"rating": "7.3",
						"minutes_played": 90,
						"captain": "False",
						"substitute": "False",
						"offsides": null,
						"shots": {
							"total": 0,
							"on": 0
						},
						"goals": {
							"total": 0,
							"conceded": 0,
							"assists": 0
						},
						"passes": {
							"total": 22,
							"key": 0,
							"accuracy": 84
						},
						"tackles": {
							"total": 0,
							"blocks": 0,
							"interceptions": 0
						},
						"duels": {
							"total": 0,
							"won": 0
						},
						"dribbles": {
							"attempts": 0,
							"success": 0,
							"past": 0
						},
						"fouls": {
							"drawn": 0,
							"committed": 0
						},
						"cards": {
							"yellow": 0,
							"red": 0
						},
						"penalty": {
							"won": 0,
							"commited": 0,
							"success": 0,
							"missed": 0,
							"saved": 0
						}
					},
					{
						"event_id": 157126,
						"updateAt": 1573316402,
						"player_id": 19545,
						"player_name": "Reece James",
						"team_id": 49,
						"team_name": "Chelsea",
						"number": 24,
						"position": "D",
						"rating": "6.7",
						"minutes_played": 90,
						"captain": "False",
						"substitute": "False",
						"offsides": null,
						"shots": {
							"total": 0,
							"on": 0
						},
						"goals": {
							"total": 0,
							"conceded": 0,
							"assists": 0
						},
						"passes": {
							"total": 34,
							"key": 0,
							"accuracy": 85
						},
						"tackles": {
							"total": 2,
							"blocks": 0,
							"interceptions": 3
						},
						"duels": {
							"total": 0,
							"won": 0
						},
						"dribbles": {
							"attempts": 4,
							"success": 3,
							"past": 4
						},
						"fouls": {
							"drawn": 3,
							"committed": 2
						},
						"cards": {
							"yellow": 0,
							"red": 0
						},
						"penalty": {
							"won": 0,
							"commited": 0,
							"success": 0,
							"missed": 0,
							"saved": 0
						}
					},
					{
						"event_id": 157126,
						"updateAt": 1573316402,
						"player_id": 2726,
						"player_name": "Kurt Zouma",
						"team_id": 49,
						"team_name": "Chelsea",
						"number": 15,
						"position": "D",
						"rating": "7.7",
						"minutes_played": 90,
						"captain": "False",
						"substitute": "False",
						"offsides": null,
						"shots": {
							"total": 0,
							"on": 0
						},
						"goals": {
							"total": 0,
							"conceded": 0,
							"assists": 0
						},
						"passes": {
							"total": 69,
							"key": 0,
							"accuracy": 88
						},
						"tackles": {
							"total": 3,
							"blocks": 0,
							"interceptions": 1
						},
						"duels": {
							"total": 0,
							"won": 0
						},
						"dribbles": {
							"attempts": 0,
							"success": 0,
							"past": 0
						},
						"fouls": {
							"drawn": 2,
							"committed": 1
						},
						"cards": {
							"yellow": 0,
							"red": 0
						},
						"penalty": {
							"won": 0,
							"commited": 0,
							"success": 0,
							"missed": 0,
							"saved": 0
						}
					},
					{
						"event_id": 157126,
						"updateAt": 1573316402,
						"player_id": 19209,
						"player_name": "Fikayo Tomori",
						"team_id": 49,
						"team_name": "Chelsea",
						"number": 29,
						"position": "D",
						"rating": "7.5",
						"minutes_played": 90,
						"captain": "False",
						"substitute": "False",
						"offsides": null,
						"shots": {
							"total": 0,
							"on": 0
						},
						"goals": {
							"total": 0,
							"conceded": 0,
							"assists": 0
						},
						"passes": {
							"total": 74,
							"key": 0,
							"accuracy": 89
						},
						"tackles": {
							"total": 2,
							"blocks": 1,
							"interceptions": 1
						},
						"duels": {
							"total": 0,
							"won": 0
						},
						"dribbles": {
							"attempts": 1,
							"success": 1,
							"past": 0
						},
						"fouls": {
							"drawn": 0,
							"committed": 0
						},
						"cards": {
							"yellow": 0,
							"red": 0
						},
						"penalty": {
							"won": 0,
							"commited": 0,
							"success": 0,
							"missed": 0,
							"saved": 0
						}
					},
					{
						"event_id": 157126,
						"updateAt": 1573316402,
						"player_id": 2284,
						"player_name": "Emerson Palmieri",
						"team_id": 49,
						"team_name": "Chelsea",
						"number": 33,
						"position": "D",
						"rating": "7.0",
						"minutes_played": 90,
						"captain": "False",
						"substitute": "False",
						"offsides": null,
						"shots": {
							"total": 1,
							"on": 0
						},
						"goals": {
							"total": 0,
							"conceded": 0,
							"assists": 0
						},
						"passes": {
							"total": 41,
							"key": 1,
							"accuracy": 82
						},
						"tackles": {
							"total": 2,
							"blocks": 0,
							"interceptions": 2
						},
						"duels": {
							"total": 0,
							"won": 0
						},
						"dribbles": {
							"attempts": 0,
							"success": 0,
							"past": 0
						},
						"fouls": {
							"drawn": 0,
							"committed": 0
						},
						"cards": {
							"yellow": 1,
							"red": 0
						},
						"penalty": {
							"won": 0,
							"commited": 0,
							"success": 0,
							"missed": 0,
							"saved": 0
						}
					},
					{
						"event_id": 157126,
						"updateAt": 1573316402,
						"player_id": 2290,
						"player_name": "N'Golo Kanté",
						"team_id": 49,
						"team_name": "Chelsea",
						"number": 7,
						"position": "M",
						"rating": "7.3",
						"minutes_played": 90,
						"captain": "False",
						"substitute": "False",
						"offsides": null,
						"shots": {
							"total": 1,
							"on": 0
						},
						"goals": {
							"total": 0,
							"conceded": 0,
							"assists": 0
						},
						"passes": {
							"total": 68,
							"key": 2,
							"accuracy": 89
						},
						"tackles": {
							"total": 1,
							"blocks": 0,
							"interceptions": 3
						},
						"duels": {
							"total": 0,
							"won": 0
						},
						"dribbles": {
							"attempts": 0,
							"success": 0,
							"past": 2
						},
						"fouls": {
							"drawn": 1,
							"committed": 2
						},
						"cards": {
							"yellow": 0,
							"red": 0
						},
						"penalty": {
							"won": 0,
							"commited": 0,
							"success": 0,
							"missed": 0,
							"saved": 0
						}
					},
					{
						"event_id": 157126,
						"updateAt": 1573316402,
						"player_id": 2291,
						"player_name": "Mateo Kovačić",
						"team_id": 49,
						"team_name": "Chelsea",
						"number": 17,
						"position": "M",
						"rating": "7.7",
						"minutes_played": 90,
						"captain": "False",
						"substitute": "False",
						"offsides": null,
						"shots": {
							"total": 1,
							"on": 0
						},
						"goals": {
							"total": 0,
							"conceded": 0,
							"assists": 0
						},
						"passes": {
							"total": 86,
							"key": 2,
							"accuracy": 90
						},
						"tackles": {
							"total": 3,
							"blocks": 0,
							"interceptions": 1
						},
						"duels": {
							"total": 0,
							"won": 0
						},
						"dribbles": {
							"attempts": 3,
							"success": 3,
							"past": 1
						},
						"fouls": {
							"drawn": 4,
							"committed": 1
						},
						"cards": {
							"yellow": 1,
							"red": 0
						},
						"penalty": {
							"won": 0,
							"commited": 0,
							"success": 0,
							"missed": 0,
							"saved": 0
						}
					},
					{
						"event_id": 157126,
						"updateAt": 1573316402,
						"player_id": 2294,
						"player_name": "Willian",
						"team_id": 49,
						"team_name": "Chelsea",
						"number": 10,
						"position": "M",
						"rating": "8.0",
						"minutes_played": 90,
						"captain": "True",
						"substitute": "False",
						"offsides": null,
						"shots": {
							"total": 4,
							"on": 1
						},
						"goals": {
							"total": 0,
							"conceded": 0,
							"assists": 1
						},
						"passes": {
							"total": 38,
							"key": 4,
							"accuracy": 95
						},
						"tackles": {
							"total": 2,
							"blocks": 0,
							"interceptions": 1
						},
						"duels": {
							"total": 0,
							"won": 0
						},
						"dribbles": {
							"attempts": 2,
							"success": 1,
							"past": 1
						},
						"fouls": {
							"drawn": 3,
							"committed": 1
						},
						"cards": {
							"yellow": 1,
							"red": 0
						},
						"penalty": {
							"won": 0,
							"commited": 0,
							"success": 0,
							"missed": 0,
							"saved": 0
						}
					},
					{
						"event_id": 157126,
						"updateAt": 1573316402,
						"player_id": 19220,
						"player_name": "Mason Mount",
						"team_id": 49,
						"team_name": "Chelsea",
						"number": 19,
						"position": "M",
						"rating": "6.5",
						"minutes_played": 87,
						"captain": "False",
						"substitute": "False",
						"offsides": null,
						"shots": {
							"total": 4,
							"on": 0
						},
						"goals": {
							"total": 0,
							"conceded": 0,
							"assists": 0
						},
						"passes": {
							"total": 21,
							"key": 3,
							"accuracy": 95
						},
						"tackles": {
							"total": 1,
							"blocks": 0,
							"interceptions": 0
						},
						"duels": {
							"total": 0,
							"won": 0
						},
						"dribbles": {
							"attempts": 2,
							"success": 0,
							"past": 3
						},
						"fouls": {
							"drawn": 2,
							"committed": 1
						},
						"cards": {
							"yellow": 0,
							"red": 0
						},
						"penalty": {
							"won": 0,
							"commited": 0,
							"success": 0,
							"missed": 0,
							"saved": 0
						}
					},
					{
						"event_id": 157126,
						"updateAt": 1573316402,
						"player_id": 17,
						"player_name": "Christian Pulišić",
						"team_id": 49,
						"team_name": "Chelsea",
						"number": 22,
						"position": "M",
						"rating": "7.6",
						"minutes_played": 80,
						"captain": "False",
						"substitute": "False",
						"offsides": null,
						"shots": {
							"total": 6,
							"on": 3
						},
						"goals": {
							"total": 1,
							"conceded": 0,
							"assists": 0
						},
						"passes": {
							"total": 22,
							"key": 3,
							"accuracy": 68
						},
						"tackles": {
							"total": 0,
							"blocks": 0,
							"interceptions": 0
						},
						"duels": {
							"total": 0,
							"won": 0
						},
						"dribbles": {
							"attempts": 6,
							"success": 5,
							"past": 1
						},
						"fouls": {
							"drawn": 0,
							"committed": 0
						},
						"cards": {
							"yellow": 0,
							"red": 0
						},
						"penalty": {
							"won": 0,
							"commited": 0,
							"success": 0,
							"missed": 0,
							"saved": 0
						}
					},
					{
						"event_id": 157126,
						"updateAt": 1573316402,
						"player_id": 19194,
						"player_name": "Tammy Abraham",
						"team_id": 49,
						"team_name": "Chelsea",
						"number": 9,
						"position": "F",
						"rating": "7.0",
						"minutes_played": 73,
						"captain": "False",
						"substitute": "False",
						"offsides": null,
						"shots": {
							"total": 3,
							"on": 1
						},
						"goals": {
							"total": 1,
							"conceded": 0,
							"assists": 0
						},
						"passes": {
							"total": 11,
							"key": 0,
							"accuracy": 73
						},
						"tackles": {
							"total": 1,
							"blocks": 0,
							"interceptions": 0
						},
						"duels": {
							"total": 0,
							"won": 0
						},
						"dribbles": {
							"attempts": 3,
							"success": 1,
							"past": 1
						},
						"fouls": {
							"drawn": 2,
							"committed": 0
						},
						"cards": {
							"yellow": 0,
							"red": 0
						},
						"penalty": {
							"won": 0,
							"commited": 0,
							"success": 0,
							"missed": 0,
							"saved": 0
						}
					},
					{
						"event_id": 157126,
						"updateAt": 1573316402,
						"player_id": 130423,
						"player_name": "Billy Gilmour",
						"team_id": 49,
						"team_name": "Chelsea",
						"number": 47,
						"position": "M",
						"rating": "6.7",
						"minutes_played": 8,
						"captain": "False",
						"substitute": "True",
						"offsides": null,
						"shots": {
							"total": 0,
							"on": 0
						},
						"goals": {
							"total": 0,
							"conceded": 0,
							"assists": 0
						},
						"passes": {
							"total": 4,
							"key": 1,
							"accuracy": 100
						},
						"tackles": {
							"total": 0,
							"blocks": 0,
							"interceptions": 0
						},
						"duels": {
							"total": 0,
							"won": 0
						},
						"dribbles": {
							"attempts": 0,
							"success": 0,
							"past": 0
						},
						"fouls": {
							"drawn": 0,
							"committed": 0
						},
						"cards": {
							"yellow": 0,
							"red": 0
						},
						"penalty": {
							"won": 0,
							"commited": 0,
							"success": 0,
							"missed": 0,
							"saved": 0
						}
					},
					{
						"event_id": 157126,
						"updateAt": 1573316402,
						"player_id": 2298,
						"player_name": "Callum Hudson-Odoi",
						"team_id": 49,
						"team_name": "Chelsea",
						"number": 20,
						"position": "F",
						"rating": "6.7",
						"minutes_played": 10,
						"captain": "False",
						"substitute": "True",
						"offsides": null,
						"shots": {
							"total": 1,
							"on": 0
						},
						"goals": {
							"total": 0,
							"conceded": 0,
							"assists": 0
						},
						"passes": {
							"total": 3,
							"key": 0,
							"accuracy": 75
						},
						"tackles": {
							"total": 0,
							"blocks": 0,
							"interceptions": 0
						},
						"duels": {
							"total": 0,
							"won": 0
						},
						"dribbles": {
							"attempts": 0,
							"success": 0,
							"past": 0
						},
						"fouls": {
							"drawn": 0,
							"committed": 0
						},
						"cards": {
							"yellow": 0,
							"red": 0
						},
						"penalty": {
							"won": 0,
							"commited": 0,
							"success": 0,
							"missed": 0,
							"saved": 0
						}
					},
					{
						"event_id": 157126,
						"updateAt": 1573316402,
						"player_id": 2927,
						"player_name": "Michy Batshuayi",
						"team_id": 49,
						"team_name": "Chelsea",
						"number": 23,
						"position": "F",
						"rating": "6.5",
						"minutes_played": 17,
						"captain": "False",
						"substitute": "True",
						"offsides": null,
						"shots": {
							"total": 2,
							"on": 0
						},
						"goals": {
							"total": 0,
							"conceded": 0,
							"assists": 0
						},
						"passes": {
							"total": 4,
							"key": 0,
							"accuracy": 80
						},
						"tackles": {
							"total": 1,
							"blocks": 0,
							"interceptions": 0
						},
						"duels": {
							"total": 0,
							"won": 0
						},
						"dribbles": {
							"attempts": 1,
							"success": 0,
							"past": 0
						},
						"fouls": {
							"drawn": 0,
							"committed": 1
						},
						"cards": {
							"yellow": 0,
							"red": 0
						},
						"penalty": {
							"won": 0,
							"commited": 0,
							"success": 0,
							"missed": 0,
							"saved": 0
						}
					},
					{
						"event_id": 157126,
						"updateAt": 1573316402,
						"player_id": 18835,
						"player_name": "Vicente Guaita",
						"team_id": 52,
						"team_name": "Crystal Palace",
						"number": 31,
						"position": "G",
						"rating": "6.9",
						"minutes_played": 90,
						"captain": "False",
						"substitute": "False",
						"offsides": null,
						"shots": {
							"total": 0,
							"on": 0
						},
						"goals": {
							"total": 0,
							"conceded": 2,
							"assists": 0
						},
						"passes": {
							"total": 14,
							"key": 0,
							"accuracy": 60
						},
						"tackles": {
							"total": 0,
							"blocks": 0,
							"interceptions": 0
						},
						"duels": {
							"total": 0,
							"won": 0
						},
						"dribbles": {
							"attempts": 0,
							"success": 0,
							"past": 0
						},
						"fouls": {
							"drawn": 0,
							"committed": 0
						},
						"cards": {
							"yellow": 0,
							"red": 0
						},
						"penalty": {
							"won": 0,
							"commited": 0,
							"success": 0,
							"missed": 0,
							"saved": 0
						}
					},
					{
						"event_id": 157126,
						"updateAt": 1573316402,
						"player_id": 18847,
						"player_name": "Joel Ward",
						"team_id": 52,
						"team_name": "Crystal Palace",
						"number": 2,
						"position": "D",
						"rating": "6.2",
						"minutes_played": 44,
						"captain": "False",
						"substitute": "False",
						"offsides": null,
						"shots": {
							"total": 0,
							"on": 0
						},
						"goals": {
							"total": 0,
							"conceded": 0,
							"assists": 0
						},
						"passes": {
							"total": 6,
							"key": 0,
							"accuracy": 50
						},
						"tackles": {
							"total": 0,
							"blocks": 0,
							"interceptions": 1
						},
						"duels": {
							"total": 0,
							"won": 0
						},
						"dribbles": {
							"attempts": 0,
							"success": 0,
							"past": 2
						},
						"fouls": {
							"drawn": 0,
							"committed": 1
						},
						"cards": {
							"yellow": 0,
							"red": 0
						},
						"penalty": {
							"won": 0,
							"commited": 0,
							"success": 0,
							"missed": 0,
							"saved": 0
						}
					},
					{
						"event_id": 157126,
						"updateAt": 1573316402,
						"player_id": 18844,
						"player_name": "James Tomkins",
						"team_id": 52,
						"team_name": "Crystal Palace",
						"number": 5,
						"position": "D",
						"rating": "7.0",
						"minutes_played": 90,
						"captain": "False",
						"substitute": "False",
						"offsides": null,
						"shots": {
							"total": 1,
							"on": 0
						},
						"goals": {
							"total": 0,
							"conceded": 0,
							"assists": 0
						},
						"passes": {
							"total": 38,
							"key": 0,
							"accuracy": 86
						},
						"tackles": {
							"total": 5,
							"blocks": 1,
							"interceptions": 3
						},
						"duels": {
							"total": 0,
							"won": 0
						},
						"dribbles": {
							"attempts": 0,
							"success": 0,
							"past": 0
						},
						"fouls": {
							"drawn": 0,
							"committed": 0
						},
						"cards": {
							"yellow": 0,
							"red": 0
						},
						"penalty": {
							"won": 0,
							"commited": 0,
							"success": 0,
							"missed": 0,
							"saved": 0
						}
					},
					{
						"event_id": 157126,
						"updateAt": 1573316402,
						"player_id": 2281,
						"player_name": "Gary Cahill",
						"team_id": 52,
						"team_name": "Crystal Palace",
						"number": 24,
						"position": "D",
						"rating": "6.6",
						"minutes_played": 90,
						"captain": "False",
						"substitute": "False",
						"offsides": null,
						"shots": {
							"total": 0,
							"on": 0
						},
						"goals": {
							"total": 0,
							"conceded": 0,
							"assists": 0
						},
						"passes": {
							"total": 31,
							"key": 0,
							"accuracy": 86
						},
						"tackles": {
							"total": 0,
							"blocks": 3,
							"interceptions": 0
						},
						"duels": {
							"total": 0,
							"won": 0
						},
						"dribbles": {
							"attempts": 0,
							"success": 0,
							"past": 0
						},
						"fouls": {
							"drawn": 0,
							"committed": 1
						},
						"cards": {
							"yellow": 0,
							"red": 0
						},
						"penalty": {
							"won": 0,
							"commited": 0,
							"success": 0,
							"missed": 0,
							"saved": 0
						}
					},
					{
						"event_id": 157126,
						"updateAt": 1573316402,
						"player_id": 18845,
						"player_name": "Patrick van Aanholt",
						"team_id": 52,
						"team_name": "Crystal Palace",
						"number": 3,
						"position": "D",
						"rating": "6.3",
						"minutes_played": 90,
						"captain": "False",
						"substitute": "False",
						"offsides": null,
						"shots": {
							"total": 0,
							"on": 0
						},
						"goals": {
							"total": 0,
							"conceded": 0,
							"assists": 0
						},
						"passes": {
							"total": 31,
							"key": 1,
							"accuracy": 75
						},
						"tackles": {
							"total": 1,
							"blocks": 0,
							"interceptions": 2
						},
						"duels": {
							"total": 0,
							"won": 0
						},
						"dribbles": {
							"attempts": 1,
							"success": 0,
							"past": 1
						},
						"fouls": {
							"drawn": 0,
							"committed": 0
						},
						"cards": {
							"yellow": 0,
							"red": 0
						},
						"penalty": {
							"won": 0,
							"commited": 0,
							"success": 0,
							"missed": 0,
							"saved": 0
						}
					},
					{
						"event_id": 157126,
						"updateAt": 1573316402,
						"player_id": 18854,
						"player_name": "Andros Townsend",
						"team_id": 52,
						"team_name": "Crystal Palace",
						"number": 10,
						"position": "M",
						"rating": "6.0",
						"minutes_played": 90,
						"captain": "False",
						"substitute": "False",
						"offsides": null,
						"shots": {
							"total": 0,
							"on": 0
						},
						"goals": {
							"total": 0,
							"conceded": 0,
							"assists": 0
						},
						"passes": {
							"total": 21,
							"key": 0,
							"accuracy": 75
						},
						"tackles": {
							"total": 1,
							"blocks": 0,
							"interceptions": 1
						},
						"duels": {
							"total": 0,
							"won": 0
						},
						"dribbles": {
							"attempts": 4,
							"success": 3,
							"past": 2
						},
						"fouls": {
							"drawn": 1,
							"committed": 0
						},
						"cards": {
							"yellow": 0,
							"red": 0
						},
						"penalty": {
							"won": 0,
							"commited": 0,
							"success": 0,
							"missed": 0,
							"saved": 0
						}
					},
					{
						"event_id": 157126,
						"updateAt": 1573316402,
						"player_id": 2991,
						"player_name": "Cheikhou Kouyaté",
						"team_id": 52,
						"team_name": "Crystal Palace",
						"number": 8,
						"position": "M",
						"rating": "6.9",
						"minutes_played": 82,
						"captain": "False",
						"substitute": "False",
						"offsides": null,
						"shots": {
							"total": 1,
							"on": 0
						},
						"goals": {
							"total": 0,
							"conceded": 0,
							"assists": 0
						},
						"passes": {
							"total": 28,
							"key": 0,
							"accuracy": 73
						},
						"tackles": {
							"total": 2,
							"blocks": 0,
							"interceptions": 1
						},
						"duels": {
							"total": 0,
							"won": 0
						},
						"dribbles": {
							"attempts": 4,
							"success": 3,
							"past": 1
						},
						"fouls": {
							"drawn": 1,
							"committed": 0
						},
						"cards": {
							"yellow": 0,
							"red": 0
						},
						"penalty": {
							"won": 0,
							"commited": 0,
							"success": 0,
							"missed": 0,
							"saved": 0
						}
					},
					{
						"event_id": 157126,
						"updateAt": 1573316402,
						"player_id": 18852,
						"player_name": "Luka Milivojević",
						"team_id": 52,
						"team_name": "Crystal Palace",
						"number": 4,
						"position": "M",
						"rating": "6.6",
						"minutes_played": 90,
						"captain": "True",
						"substitute": "False",
						"offsides": null,
						"shots": {
							"total": 0,
							"on": 0
						},
						"goals": {
							"total": 0,
							"conceded": 0,
							"assists": 0
						},
						"passes": {
							"total": 37,
							"key": 1,
							"accuracy": 82
						},
						"tackles": {
							"total": 1,
							"blocks": 1,
							"interceptions": 0
						},
						"duels": {
							"total": 0,
							"won": 0
						},
						"dribbles": {
							"attempts": 0,
							"success": 0,
							"past": 2
						},
						"fouls": {
							"drawn": 2,
							"committed": 3
						},
						"cards": {
							"yellow": 0,
							"red": 0
						},
						"penalty": {
							"won": 0,
							"commited": 0,
							"success": 0,
							"missed": 0,
							"saved": 0
						}
					},
					{
						"event_id": 157126,
						"updateAt": 1573316402,
						"player_id": 18849,
						"player_name": "James McArthur",
						"team_id": 52,
						"team_name": "Crystal Palace",
						"number": 18,
						"position": "M",
						"rating": "7.2",
						"minutes_played": 70,
						"captain": "False",
						"substitute": "False",
						"offsides": null,
						"shots": {
							"total": 0,
							"on": 0
						},
						"goals": {
							"total": 0,
							"conceded": 0,
							"assists": 0
						},
						"passes": {
							"total": 17,
							"key": 0,
							"accuracy": 70
						},
						"tackles": {
							"total": 5,
							"blocks": 1,
							"interceptions": 0
						},
						"duels": {
							"total": 0,
							"won": 0
						},
						"dribbles": {
							"attempts": 0,
							"success": 0,
							"past": 0
						},
						"fouls": {
							"drawn": 1,
							"committed": 4
						},
						"cards": {
							"yellow": 0,
							"red": 0
						},
						"penalty": {
							"won": 0,
							"commited": 0,
							"success": 0,
							"missed": 0,
							"saved": 0
						}
					},
					{
						"event_id": 157126,
						"updateAt": 1573316402,
						"player_id": 3247,
						"player_name": "Wilfried Zaha",
						"team_id": 52,
						"team_name": "Crystal Palace",
						"number": 11,
						"position": "M",
						"rating": "6.2",
						"minutes_played": 90,
						"captain": "False",
						"substitute": "False",
						"offsides": null,
						"shots": {
							"total": 0,
							"on": 0
						},
						"goals": {
							"total": 0,
							"conceded": 0,
							"assists": 0
						},
						"passes": {
							"total": 17,
							"key": 1,
							"accuracy": 85
						},
						"tackles": {
							"total": 1,
							"blocks": 0,
							"interceptions": 3
						},
						"duels": {
							"total": 0,
							"won": 0
						},
						"dribbles": {
							"attempts": 9,
							"success": 6,
							"past": 4
						},
						"fouls": {
							"drawn": 2,
							"committed": 4
						},
						"cards": {
							"yellow": 1,
							"red": 0
						},
						"penalty": {
							"won": 0,
							"commited": 0,
							"success": 0,
							"missed": 0,
							"saved": 0
						}
					},
					{
						"event_id": 157126,
						"updateAt": 1573316402,
						"player_id": 3428,
						"player_name": "Jordan Ayew",
						"team_id": 52,
						"team_name": "Crystal Palace",
						"number": 9,
						"position": "F",
						"rating": "6.9",
						"minutes_played": 90,
						"captain": "False",
						"substitute": "False",
						"offsides": null,
						"shots": {
							"total": 0,
							"on": 0
						},
						"goals": {
							"total": 0,
							"conceded": 0,
							"assists": 0
						},
						"passes": {
							"total": 23,
							"key": 0,
							"accuracy": 82
						},
						"tackles": {
							"total": 2,
							"blocks": 1,
							"interceptions": 0
						},
						"duels": {
							"total": 0,
							"won": 0
						},
						"dribbles": {
							"attempts": 1,
							"success": 1,
							"past": 1
						},
						"fouls": {
							"drawn": 2,
							"committed": 2
						},
						"cards": {
							"yellow": 0,
							"red": 0
						},
						"penalty": {
							"won": 0,
							"commited": 0,
							"success": 0,
							"missed": 0,
							"saved": 0
						}
					},
					{
						"event_id": 157126,
						"updateAt": 1573316402,
						"player_id": 18843,
						"player_name": "Jeffrey Schlupp",
						"team_id": 52,
						"team_name": "Crystal Palace",
						"number": 15,
						"position": "D",
						"rating": "6.2",
						"minutes_played": 20,
						"captain": "False",
						"substitute": "True",
						"offsides": null,
						"shots": {
							"total": 0,
							"on": 0
						},
						"goals": {
							"total": 0,
							"conceded": 0,
							"assists": 0
						},
						"passes": {
							"total": 5,
							"key": 0,
							"accuracy": 55
						},
						"tackles": {
							"total": 0,
							"blocks": 0,
							"interceptions": 0
						},
						"duels": {
							"total": 0,
							"won": 0
						},
						"dribbles": {
							"attempts": 0,
							"success": 0,
							"past": 0
						},
						"fouls": {
							"drawn": 0,
							"committed": 1
						},
						"cards": {
							"yellow": 0,
							"red": 0
						},
						"penalty": {
							"won": 0,
							"commited": 0,
							"success": 0,
							"missed": 0,
							"saved": 0
						}
					},
					{
						"event_id": 157126,
						"updateAt": 1573316402,
						"player_id": 18840,
						"player_name": "Martin Kelly",
						"team_id": 52,
						"team_name": "Crystal Palace",
						"number": 34,
						"position": "D",
						"rating": "6.3",
						"minutes_played": 46,
						"captain": "False",
						"substitute": "True",
						"offsides": null,
						"shots": {
							"total": 0,
							"on": 0
						},
						"goals": {
							"total": 0,
							"conceded": 0,
							"assists": 0
						},
						"passes": {
							"total": 18,
							"key": 0,
							"accuracy": 81
						},
						"tackles": {
							"total": 1,
							"blocks": 1,
							"interceptions": 0
						},
						"duels": {
							"total": 0,
							"won": 0
						},
						"dribbles": {
							"attempts": 0,
							"success": 0,
							"past": 1
						},
						"fouls": {
							"drawn": 0,
							"committed": 0
						},
						"cards": {
							"yellow": 0,
							"red": 0
						},
						"penalty": {
							"won": 0,
							"commited": 0,
							"success": 0,
							"missed": 0,
							"saved": 0
						}
					},
					{
						"event_id": 157126,
						"updateAt": 1573316402,
						"player_id": 18763,
						"player_name": "James McCarthy",
						"team_id": 52,
						"team_name": "Crystal Palace",
						"number": 22,
						"position": "M",
						"rating": "6.6",
						"minutes_played": 8,
						"captain": "False",
						"substitute": "True",
						"offsides": null,
						"shots": {
							"total": 1,
							"on": 1
						},
						"goals": {
							"total": 0,
							"conceded": 0,
							"assists": 0
						},
						"passes": {
							"total": 7,
							"key": 0,
							"accuracy": 70
						},
						"tackles": {
							"total": 1,
							"blocks": 0,
							"interceptions": 0
						},
						"duels": {
							"total": 0,
							"won": 0
						},
						"dribbles": {
							"attempts": 0,
							"success": 0,
							"past": 0
						},
						"fouls": {
							"drawn": 0,
							"committed": 1
						},
						"cards": {
							"yellow": 1,
							"red": 0
						},
						"penalty": {
							"won": 0,
							"commited": 0,
							"success": 0,
							"missed": 0,
							"saved": 0
						}
					}
				]
			}
		]
	}
}