timestamp,text,hashtags
1574816513,#UCL #RMPSG \u26bdalways dress like you're going to see your worst enemy. #ICICESTPARIS \ud83d\uddfc https://t.co/7paYQsU24n,#ICICESTPARIS
1574818705,\ud83d\udc4a FIDEO \ud83d\udd25#RMPSG @PSG_inside #TeamPSG #ICICESTPARIS #ChampionsLeague #PSG https://t.co/LKRccVABL7,#ICICESTPARIS
1574822625,LETS GOOOOOO #ICICESTPARIS,#ICICESTPARIS
1574822725,FUCK REAL! #ICICESTPARIS \ud83c\uddeb\ud83c\uddf7\ud83c\uddeb\ud83c\uddf7,#ICICESTPARIS
1574822727,80min - 2-083min - 2-2#ICICESTPARIS \ud83d\udd34\ud83d\udd35,#ICICESTPARIS
1574823309,Quel hold up ! Haha ! #ICICESTPARIS,#ICICESTPARIS
1574823316,Yes oh! #ICICESTPARIS,#ICICESTPARIS
1574823409,wow right when i turn the PSG game off we score 2 in the final 10 minutes and tie it up on the road wtf #ICICESTPARIS,#ICICESTPARIS
