timestamp,text,hashtags
1574816426,1' | \ud83d\udea6 | LET'S SEAL \ud83d\udd1d SPOT! \ud83d\udcaa\u2b50\ufe0f\ud83d\udcf1\ud83d\udcbb LIVE MATCH: https://t.co/9p2dwA91pf#JuveAtleti [0-0] #JuveUCL https://t.co/X6FHuuG4yw,#JuveUCL
1574816551,@juventusfc STREAM LIVE &gt;&gt; Juventus vs Atletico Madrid Live Stream UEFA Champions league 2019 Online Live Streaming Links Full HD #JuveAtletico#Juventus#JuveUCL #ChampionsLeague #UCLhttps://t.co/kZ87FIQfS5,#JuveUCL
1574816568,@juventusfc STREAM LIVE &gt;&gt; Juventus vs Atletico Madrid Live Stream UEFA Champions league 2019 Online Live Streaming Links Full HD #JuveAtletico#Juventus#JuveUCL #ChampionsLeague #UCLhttps://t.co/eiHj8WxLhd,#JuveUCL
1574816589,Here We Go \ud83c\udfc1\u26ab\ufe0f\u26aa\ufe0f#UCL #JuveAtletico #JuveUCL#Juventus #JuventusFC #JuventusOfficial #JuventusTV #SkyItalia #Calcio #SerieA #JEEP #Cristiano #Ronaldo #CristianoRonaldo #CR7 #Dybala #DybalaMask #PD10 #LB19 #GianluigiBuffon #Piemonte https://t.co/4BSBmWKgFO,#JuveUCL
1574816605,@juventusfc STREAM LIVE &gt;&gt; Juventus vs Atletico Madrid Live Stream UEFA Champions league 2019 Online Live Streaming Links Full HD #JuveAtletico#Juventus#JuveUCL #ChampionsLeague #UCLhttps://t.co/xBppo33NKw,#JuveUCL
1574817050,\u26bd \u26bd Juventus vs Atletico Madrid \u26bd \u26bdJuve vs Atleti Live Stream.. Juventus v Atletico MadridJuventus Live Stream.. Juventus Live StreamingJuve Live Stream... Click LINK \ud83d\udc49 https://t.co/RI5YcB0noQ#JuveAtleti #Juventus#UCL #ChampionsLeague #JuveUCL#Juve https://t.co/E9UyAJyUgT,#JuveUCL
1574817978,#JuveUCLThe left back and matuidi are clowns,#JuveUCL
1574818273,New hairstyle \ud83d\udc87\ud83c\udffb\u200d\u2642\ufe0f New Ronaldo \u26bd\ufe0f@Cristiano @juventusfcen @juventusfc #Cristiano #ronaldo #cr7 #ucl #ChampionsLeague #hairstyle #weszlo #weszlofm #JuveAtletico #Juventus #JuveUCL https://t.co/Ad1A5ltquz,#JuveUCL
1574819000,\u2b50\ufe0f\u26bd\ufe0f First half #JuveAtleti in \ud83d\udcf8's#JuveUCL #ForzaJuve https://t.co/PJ8XmXSRvF,#JuveUCL
1574819225,What a hit by Dybala #JuveUCL,#JuveUCL
1574819287,GOOOOOOOOOOOOOOOOOOOOOOOOOOOOOOOOOOOOAAAAAAAAAAAAAAAAAAAAAAAAAL !DYBALAAAAAAAAAAAAAAAAAAAAAAAAAAAAAAAAAAAAA !Brilliant free-kick goal !#FinoAllaFine #ForzaJuve #AtletiJuve #JuveUCL,#JuveUCL
1574819305,"Take a bow Paulo Dybala, stunning goal! Juve ahead just before the break #JuveAtletico #Juventus #JuveUCL",#JuveUCL
1574819334,45+2' | \ud83d\udc8e | WHAT AN AMAZING FREE-KICK!!!!!!!! @PauDybala_JR FIRES STRAIGHT IN FROM AN IMPOSSIBLE ANGLE!!!!!!! \u26bd\ufe0f\ud83c\udfaf#JuveAtleti [1-0] #JuveUCL https://t.co/p2B0WWBGCe,#JuveUCL
1574819376,What a fantastic goal by @PauDybala_JR 1-0 #JuveAtletico #Juve #Juventus #JuveUCL,#JuveUCL
1574819474,What a goal !!! La Joya \ud83d\udc8e  #FinoAllaFine #JuveUCL,#JuveUCL
1574819551,HT | \u23f1 | WHAT AN END TO THE HALF!!! \ud83d\udc8e\u26aa\ufe0f\u26ab\ufe0f#JuveAtleti #FinoAllaFine #JuveUCL https://t.co/xjIwtRJo4P,#JuveUCL
1574819594,Dybala in top form last few games \ud83d\udd25 #Juventus #JuveAtletico #JuveUCL #ChampionsLeague,#JuveUCL
1574819621,45+2\u2019 A STUNNING FREE KICK from #LAJOYA @PauDybala_JR #JuveAtletico [1-0]#UCL #JuveUCL #Juventus #JuventusFC #JuventusOfficial #JuventusTV #SkyItalia #JEEP #Cristiano #CristianoRonaldo #CR7 #Dybala #DybalaMask #PD10 #LB19 #GianluigiBuffon #ForzaJuve #FinoAllaFine #OneFamily https://t.co/xISwfsLHys,#JuveUCL
1574819699,Check out JUVENTUS 1995/96 Away Football Shirt (XL) (Long Sleeve) CL Winners Jersey https://t.co/VHtqvRhb95 @eBay #ForzaJuve #UCL #Juventus #CL #JuveAtletico #JuveUCL #ChampionsLeague,#JuveUCL
1574819720,Check out DEL PIERO *7 | Italy 2004/06 Home Football Shirt Jersey (L) EURO 2004 https://t.co/lpx9HRGrz4 @eBay #ForzaJuve #UCL #Juventus #CL #JuveAtletico #JuveUCL #ChampionsLeague,#JuveUCL
1574819721,DAMN\ud83d\udd25CRAZYNESS \ud83d\udc4athe amazing freekick from @PauDybala_JR gives @juventusfcen the lead \ud83d\ude4c.#JuveAtleti #JuveUCL #FinoAllaFine @ChampionsLeague,#JuveUCL
1574819730,Half-Time \u23f1#JuveAtletico [1-0]#UCL #JuveUCL #Juventus #JuventusFC #JuventusOfficial #JuventusTV #SkyItalia #JEEP #Cristiano #CristianoRonaldo #CR7 #Dybala #DybalaMask #PD10 #LB19 #GianluigiBuffon #ForzaJuve #FinoAllaFine #OneFamily https://t.co/pA16QCrWrE,#JuveUCL
1574819747,Check out Italy PLAYER ISSUE 1992/93 Home Football Shirt Jersey (L) Long Sleeve MINT https://t.co/2obEHTQJRw @eBay #ForzaJuve #UCL #Juventus #CL #JuveAtletico #JuveUCL #ChampionsLeague,#JuveUCL
1574820134,"Is cr7 good enough to play alongside the best footballer in the world Paulo Dybala??@juventusfcen give him a contract until retirement ASAP!!!Ladies and gentlemen, the future legend and capitano of Juventus, @PauDybala_JR \u26ab\u26aa#Dybala #JuveAtleti #JuveUCL https://t.co/SCmAQPHSqV",#JuveUCL
1574820257,46' | \ud83c\udfac | Back underway. Keep going Bianconeri! \ud83d\udcaa\u26aa\ufe0f\u26ab\ufe0f\ud83d\udcf1\ud83d\udcbb LIVE MATCH: https://t.co/9p2dwA91pf#JuveAtleti [1-0] #JuveUCL https://t.co/cpv2DAooNe,#JuveUCL
1574820409,The 2nd 45\u2019 is on#UCL #JuveAtleti [1-0] #JuveUCL#ForzaJuve #FinoAllaFine#Juventus #JuventusFC #JuventusOfficial #JuventusTV #SkyItalia #Calcio #JEEP #Cristiano #Ronaldo #CristianoRonaldo #CR7 #Dybala #DybalaMask #PD10 #LB19 #GianluigiBuffon #ForzaJuve #FinoAllaFine #OneFamily https://t.co/CieJGzejtj,#JuveUCL
1574820435,"Italian fashion, eh? \ud83e\udd26\u200d\u2642\ufe0fLike for the headband\u2764\ufe0fRetweet for the coat \ud83d\udd03 #UCL #JuveAtleti #JuveUCL https://t.co/luFG595Alj",#JuveUCL
1574820466,High chances Ronaldo will be substituted once again in this match...Not seen a flow for which he is known Although don't want the same to happen #JuveAtleti #JuveUCL #Juventus,#JuveUCL
1574820482,"Italian fashion, eh? \ud83e\udd26\u200d\u2642\ufe0fLike for the headband \u2764\ufe0fRetweet for the coat \ud83d\udd03 #UCL #JuveAtleti #JuveUCL https://t.co/UOLQeB9tsy",#JuveUCL
1574820580,Final score prediction ?#FinoAllaFine #ForzaJuve #JuveAtleti #JuveUCL,#JuveUCL
1574821037,What a jewel of a free-kick! \ud83c\udfaf\ud83d\udc8e\ud83d\ude0d#JuveAtleti #JuveUCL #ForzaJuve https://t.co/m0YP95597P,#JuveUCL
1574821340,"I'm at work, so only this way I can watch my lovely Juve#FinoAllaFine #JuveAtleti  #JuveUCL https://t.co/GfzomXnzRj",#JuveUCL
1574821447,@ChampionsLeague @juventusfcen Goal of the season #Dybala \ud83d\udcaa#JuveAtleti #JuveUCL @PauDybala_JR \ud83d\udc8e\u25fc\u25fb https://t.co/bJS20gaVFO,#JuveUCL
1574821512,67' | \ud83d\udca5 | POST FROM BERNARDESCHI! SO UNLUCKY!#JuveAtleti [1-0] #JuveUCL,#JuveUCL
1574821697,That #dybala goal #Juventus #JuveAtleti #JuveUCL \u26bd\ufe0f\ud83e\udd38\u200d\u2642\ufe0f\ud83d\ude4c\ud83d\ude4c https://t.co/mlQQmDeUAk,#JuveUCL
1574821862,Red card not given after a studs out challenge / stamp on Ronaldo's calf !Everyone is frustrated with VAR !VAR is being controlled by mofos !Even the commentators expected a red card from VAR !#FinoAllaFine #ForzaJuve #JuveAtleti #JuveUCL,#JuveUCL
1574822021,GRANDE @PauDybala_JR \ud83d\udc4f\ud83c\udffc\ud83d\udc4f\ud83c\udffc\ud83d\udc4f\ud83c\udffc\ud83d\udc4f\ud83c\udffc\ud83d\udc4f\ud83c\udffc\ud83d\udc4f\ud83c\udffc\ud83d\udc4f\ud83c\udffc\ud83d\udc4f\ud83c\udffc\ud83d\udc4f\ud83c\udffc\ud83d\udc4f\ud83c\udffc\ud83d\udc4f\ud83c\udffc\ud83d\udc4f\ud83c\udffc\ud83d\udc4f\ud83c\udffc\ud83d\udc4f\ud83c\udffc\ud83d\udc4f\ud83c\udffc\ud83d\udc4f\ud83c\udffc\ud83d\udc4f\ud83c\udffc\ud83d\udc4f\ud83c\udffc\ud83d\udc4f\ud83c\udffc\ud83d\udc4f\ud83c\udffc\ud83d\udc4f\ud83c\udffc\ud83d\udc4f\ud83c\udffc\ud83d\ude0d\ud83d\ude0d\ud83d\ude0d\ud83d\ude0d\ud83d\ude0d\ud83d\ude0d\ud83d\udd1d\ud83d\udd1d\ud83d\udd1d\ud83d\udd1d\ud83d\udd1d\ud83d\udd1d\ud83d\udd1d\ud83d\udd1d\ud83d\udd1d#JuveAtleti #JuveAtletico #FinoAllaFine #JuveUCL,#JuveUCL
1574822309,"80' | \ud83d\udd70 | 10 minutes to go, let's press for another boys and make it safe! \u26aa\ufe0f\u26ab\ufe0f#JuveAtleti [1-0] #JuveUCL https://t.co/fvfHaXL3zX",#JuveUCL
1574822343,Fate entrare Emre Can!!!! @juventusfc #JuveAtletico #JuveUCL #JuveAtleti,#JuveUCL
1574822472,HELL YEAH I KNEW THE QUEEN HAD GOOD TASTE #JuveUCL,#JuveUCL
1574822504,De Ligt saves the day !Brilliant work kid !#FinoAllaFine #ForzaJuve #JuveAtleti #JuveUCL,#JuveUCL
1574822987,@juventusfcen @Cristiano #DeLigt has been so good. He's looking worth every penny he has been paid. #JuveAtleti #UCL #JuveUCL #ForzaJuve #FinoAllaFine https://t.co/IvryOEOa3V,#JuveUCL
1574823125,FT | \u23f1 | \ud83d\udd1d OF THE GROUP!!! \ud83e\udd47\u26aa\u26ab#JuveAtleti #FinoAllaFine #ForzaJuve #JuveUCL https://t.co/166gu779uW,#JuveUCL
1574823184,FT | \u23f1 | \ud83d\udd1d OF THE GROUP!!! \ud83e\udd47\u26aa\u26ab#JuveAtleti #FinoAllaFine #ForzaJuve #JuveUCL https://t.co/ZcQoF3B701 https://t.co/X9SICWExTm,#JuveUCL
1574823211,FT | \u23f1 | \ud83d\udd1d OF THE GROUP!!! \ud83e\udd47\u26aa\u26ab#JuveAtleti #FinoAllaFine #ForzaJuve #JuveUCL https://t.co/VTgwgjlc69,#JuveUCL
1574823257,Frustrating football.De Ligt has been excellent.Sarri's tactics not suitable for  Ronaldo. Won't score much under Sarri. It's very frustrating to watch as a CR7 fan. We are accustomed to lots of goals. I find Juve's style boring.#FinoAllaFine #ForzaJuve #JuveAtleti #JuveUCL,#JuveUCL
1574823298,"Winner, winner, chicken dinner \u26bd\ufe0f\u26bd\ufe0f\u26bd\ufe0f\ud83d\udc4d\ud83d\udc4d\ud83d\udc4d\ud83d\udcaa\ud83d\udcaa\ud83d\udcaa\ud83e\udd93\ud83e\udd93\ud83e\udd93 | \u23f1 | \ud83d\udd1d OF THE GROUP!!! \ud83e\udd47\u26aa\u26ab\ud83d\udc4f\ud83d\udc4f\ud83d\udc4f\ud83d\udc4f\ud83d\udc4f\ud83d\udc4f\ud83d\udc4f\ud83d\udc4f\ud83d\udc4f\ud83d\udc4f#JuveAtleti #FinoAllaFine #ForzaJuve #JuveUCL https://t.co/eMYVmkeFGh",#JuveUCL
1574823320,"Happy Thanksgiving to Juve fans &amp; Rihanna, that\u2019s how that\u2019s done !! Forza Juve Fino Alla Fine \u26ab\ufe0f\u26aa\ufe0f #JuveUCL #Dybala",#JuveUCL
1574823441,FT | \u23f1 | \ud83d\udd1d OF THE GROUP!!! \ud83e\udd47\u26aa\u26ab#JuveAtleti #FinoAllaFine #ForzaJuve #JuveUCL https://t.co/49lyOAJSF5,#JuveUCL
